<?xml version="1.0" encoding="UTF-8"?>
<!DOCTYPE fontscolors PUBLIC "-//NetBeans//DTD Editor Fonts and Colors settings 1.1//EN" "http://www.netbeans.org/dtds/EditorFontsColors-1_1.dtd">
<fontscolors>
    <fontcolor foreColor="red" name="nbeditor-bracesMatching-match"/>
    <fontcolor name="status-bar-bold"/>
    <fontcolor name="nbeditor-bracesMatching-mismatch"/>
    <fontcolor name="highlight-caret-row"/>
    <fontcolor name="highlight-search"/>
    <fontcolor foreColor="lightGray" name="caret-color-overwrite-mode"/>
    <fontcolor name="guarded"/>
    <fontcolor name="block-search"/>
    <fontcolor name="selection"/>
    <fontcolor bgColor="ff666666" foreColor="black" name="inc-search"/>
    <fontcolor bgColor="fff3ff0f" foreColor="pink" name="nbeditor-bracesMatching-match-multichar"/>
    <fontcolor name="nbeditor-bracesMatching-mismatch-multichar"/>
    <fontcolor foreColor="lightGray" name="caret-color-insert-mode"/>
</fontscolors>
