<?xml version="1.0" encoding="UTF-8"?>
<!DOCTYPE fontscolors PUBLIC "-//NetBeans//DTD Editor Fonts and Colors settings 1.1//EN" "http://www.netbeans.org/dtds/EditorFontsColors-1_1.dtd">
<fontscolors>
    <fontcolor foreColor="ff54d5f2" name="identifier"/>
    <fontcolor bgColor="ff2b2b2b" foreColor="ffa9b7c6" name="default">
        <font name="Consolas" size="14" style="plain"/>
    </fontcolor>
    <fontcolor foreColor="ffdbd663" name="string"/>
    <fontcolor name="warning" waveUnderlined="ff52503a"/>
    <fontcolor foreColor="ffcc3078" name="keyword">
        <font style="italic"/>
    </fontcolor>
</fontscolors>
