<?xml version="1.0" encoding="UTF-8"?>
<!DOCTYPE fontscolors PUBLIC "-//NetBeans//DTD Editor Fonts and Colors settings 1.1//EN" "http://www.netbeans.org/dtds/EditorFontsColors-1_1.dtd">
<fontscolors>
    <fontcolor bgColor="darkGray" name="nbeditor-bracesMatching-match"/>
    <fontcolor foreColor="ff212121" name="text-limit-line-color"/>
    <fontcolor foreColor="ff666666" name="code-folding"/>
    <fontcolor foreColor="ffcc0099" name="synchronized-text-blocks-ext"/>
    <fontcolor bgColor="ffd83636" name="nbeditor-bracesMatching-mismatch"/>
    <fontcolor bgColor="ff0a0a0a" name="highlight-caret-row"/>
    <fontcolor foreColor="black" name="caret-color-overwrite-mode"/>
    <fontcolor name="status-bar"/>
    <fontcolor name="trailing-whitespace"/>
    <fontcolor bgColor="ffdfdfdf" name="guarded"/>
    <fontcolor bgColor="ffd83636" name="nbeditor-bracesMatching-mismatch-multichar"/>
    <fontcolor foreColor="red" name="status-bar-bold"/>
    <fontcolor foreColor="ff6b8eb2" name="nbeditor-bracesMatching-sidebar"/>
    <fontcolor foreColor="gray" name="line-number"/>
    <fontcolor bgColor="ffdfdfdf" name="readonly-files"/>
    <fontcolor bgColor="ff4b4c4e" foreColor="black" name="highlight-search"/>
    <fontcolor foreColor="ff666666" name="code-folding-bar"/>
    <fontcolor foreColor="ff996600" name="synchronized-text-blocks-ext-slave"/>
    <fontcolor foreColor="gray" name="indent-guide-lines"/>
    <fontcolor name="indent-whitespace"/>
    <fontcolor bgColor="darkGray" foreColor="gray" name="block-search"/>
    <fontcolor bgColor="ff7d382c" name="selection"/>
    <fontcolor bgColor="ff424241" foreColor="black" name="inc-search"/>
    <fontcolor bgColor="darkGray" name="nbeditor-bracesMatching-match-multichar"/>
    <fontcolor foreColor="orange" name="caret-color-insert-mode"/>
    <fontcolor foreColor="blue" name="hyperlinks" underline="blue"/>
</fontscolors>
