<?xml version="1.0" encoding="UTF-8"?>
<!DOCTYPE fontscolors PUBLIC "-//NetBeans//DTD Editor Fonts and Colors settings 1.1//EN" "http://www.netbeans.org/dtds/EditorFontsColors-1_1.dtd">
<fontscolors>
    <fontcolor bgColor="ff38566f" name="mark-occurrences"/>
    <fontcolor default="default" foreColor="ff7bc4ec" name="identifier"/>
    <fontcolor foreColor="ffb3b689" name="markup-attribute"/>
    <fontcolor default="identifier" name="method"/>
    <fontcolor foreColor="ff21e161" name="string"/>
    <fontcolor foreColor="ff678cb1" name="markup-element">
        <font style="bold"/>
    </fontcolor>
    <fontcolor foreColor="ffe1e2cf" name="markup-attribute-value"/>
    <fontcolor name="error" waveUnderlined="ff8b8b00"/>
    <fontcolor foreColor="ffe8e2b7" name="separator"/>
    <fontcolor default="default" name="entity-reference"/>
    <fontcolor name="url" underline="ff4b4bf3"/>
    <fontcolor foreColor="ffe8e2b7" name="operator"/>
    <fontcolor foreColor="ffffcd22" name="number"/>
    <fontcolor bgColor="ff3c4048" foreColor="ffe0e2e4" name="default">
        <font name="Hack" size="14" style="bold"/>
    </fontcolor>
    <fontcolor default="identifier" name="field"/>
    <fontcolor foreColor="ffff8409" name="char"/>
    <fontcolor name="warning" waveUnderlined="54ffff00"/>
    <fontcolor foreColor="ff818e96" name="comment"/>
    <fontcolor foreColor="ff99ffff" name="keyword">
        <font style="bold"/>
    </fontcolor>
    <fontcolor name="whitespace"/>
</fontscolors>
