<?xml version="1.0" encoding="UTF-8"?>
<!DOCTYPE fontscolors PUBLIC "-//NetBeans//DTD Editor Fonts and Colors settings 1.1//EN" "http://www.netbeans.org/dtds/EditorFontsColors-1_1.dtd">
<fontscolors>
    <fontcolor bgColor="darkGray" default="default" name="mark-occurrences"/>
    <fontcolor default="PHP_VARIABLE" name="constant">
        <font name="Courier New" size="13" style="bold"/>
    </fontcolor>
    <fontcolor default="string" foreColor="ffecf3fa" name="string"/>
    <fontcolor default="default" name="mod-class"/>
    <fontcolor name="mod-unused" waveUnderlined="ff999999"/>
    <fontcolor default="operator" foreColor="white" name="operator">
        <font name="Courier New" size="13" style="bold"/>
    </fontcolor>
    <fontcolor default="number" foreColor="ffdae9f9" name="number"/>
    <fontcolor default="default" foreColor="ffec691e" name="phpopenclose">
        <font name="Consolas" size="14" style="bold"/>
    </fontcolor>
    <fontcolor name="mod-deprecated" strikeThrough="black"/>
    <fontcolor default="method" foreColor="ffead9a3" name="mod-custom1"/>
    <fontcolor default="comment" name="mod-annotation-type">
        <font style="bold"/>
    </fontcolor>
    <fontcolor default="inferred" name="inferred"/>
    <fontcolor default="comment" name="phpdockeyword"/>
    <fontcolor default="keyword" foreColor="ffe38056" name="keyword"/>
    <fontcolor default="identifier" foreColor="ffedc798" name="identifier"/>
    <fontcolor default="mod-class" foreColor="ffecd795" name="mod-field"/>
    <fontcolor default="comment" foreColor="ffb0c6a6" name="htmltag"/>
    <fontcolor default="default" foreColor="white" name="mod-method"/>
    <fontcolor default="separator" foreColor="white" name="separator"/>
    <fontcolor default="default" name="heredocdelimiter"/>
    <fontcolor default="uncovered" name="uncovered"/>
    <fontcolor default="default" name="mod-static">
        <font name="Consolas" size="14" style="bold+italic"/>
    </fontcolor>
    <fontcolor default="covered" name="covered"/>
    <fontcolor foreColor="ffb1c9de" name="variable"/>
    <fontcolor default="comment" name="comment"/>
    <fontcolor default="partial" name="partial"/>
    <fontcolor default="comment" name="commentline"/>
</fontscolors>
