<?xml version="1.0" encoding="UTF-8"?>
<!DOCTYPE fontscolors PUBLIC "-//NetBeans//DTD Editor Fonts and Colors settings 1.1//EN" "http://www.netbeans.org/dtds/EditorFontsColors-1_1.dtd">
<fontscolors>
    <fontcolor foreColor="ff999922" name="block-name"/>
    <fontcolor foreColor="cyan" name="mixin-name"/>
    <fontcolor default="default" name="expression-delimiter">
        <font style="bold"/>
    </fontcolor>
    <fontcolor default="default" name="code-delimiter"/>
    <fontcolor default="default" name="separator"/>
    <fontcolor default="markup-element" name="html-tag"/>
    <fontcolor bgColor="ffe3f2e1" default="default" name="javascript-embedded"/>
    <fontcolor foreColor="ff006b6b" name="filter"/>
    <fontcolor default="markup-attribute" foreColor="ffdce37b" name="html-attribute"/>
    <fontcolor default="comment" name="unbuffered-comment"/>
    <fontcolor foreColor="ff1ee5e5" name="css-class"/>
    <fontcolor default="default" foreColor="ff628fb5" name="sgml-declaration"/>
    <fontcolor bgColor="ffe3f2ff" default="default" name="plain-text"/>
    <fontcolor default="default" name="filter-text"/>
    <fontcolor default="default" name="plain-text-delimiter"/>
    <fontcolor default="comment" name="comment"/>
    <fontcolor default="default" name="text"/>
    <fontcolor foreColor="cyan" name="css-id"/>
    <fontcolor default="keyword" name="keyword">
        <font style="bold"/>
    </fontcolor>
    <fontcolor foreColor="ff9d9d1b" name="file-path"/>
    <fontcolor bgColor="ffe3f2e1" default="default" name="css-embedded"/>
</fontscolors>
