<?xml version="1.0" encoding="UTF-8"?>
<!DOCTYPE fontscolors PUBLIC "-//NetBeans//DTD Editor Fonts and Colors settings 1.1//EN" "http://www.netbeans.org/dtds/EditorFontsColors-1_1.dtd">
<fontscolors>
    <fontcolor default="number" name="number"/>
    <fontcolor bgColor="ff333333" default="constant" foreColor="white" name="constant">
        <font style="italic"/>
    </fontcolor>
    <fontcolor default="string" foreColor="ffffd256" name="string"/>
    <fontcolor default="separator" foreColor="white" name="phpopenclose">
        <font style="bold"/>
    </fontcolor>
    <fontcolor bgColor="ff333333" default="inferred" foreColor="white" name="inferred"/>
    <fontcolor foreColor="fff4f4ff" name="variable"/>
    <fontcolor default="comment" foreColor="ff999999" name="comment"/>
    <fontcolor default="keyword" foreColor="ffff3399" name="keyword"/>
    <fontcolor default="separator" foreColor="white" name="separator"/>
    <fontcolor bgColor="ff333333" default="partial" foreColor="white" name="partial"/>
</fontscolors>
