<?xml version="1.0" encoding="UTF-8"?>
<!DOCTYPE fontscolors PUBLIC "-//NetBeans//DTD Editor Fonts and Colors settings 1.1//EN" "http://www.netbeans.org/dtds/EditorFontsColors-1_1.dtd">
<fontscolors>
    <fontcolor foreColor="ffcccccc" name="code-folding-border"/>
    <fontcolor name="west-sidebars-color"/>
    <fontcolor bgColor="darkGray" name="nbeditor-bracesMatching-match">
        <font style="bold"/>
    </fontcolor>
    <fontcolor bgColor="darkGray" foreColor="gray" name="block-search"/>
    <fontcolor bgColor="ff7d382c" name="selection"/>
    <fontcolor foreColor="ff212121" name="text-limit-line-color"/>
    <fontcolor foreColor="gray" name="line-number"/>
    <fontcolor bgColor="ff0a0a0a" name="highlight-caret-row"/>
    <fontcolor bgColor="ff4b4c4e" foreColor="black" name="highlight-search"/>
    <fontcolor bgColor="darkGray" name="nbeditor-bracesMatching-match-multichar">
        <font style="bold"/>
    </fontcolor>
    <fontcolor foreColor="orange" name="caret-color-insert-mode"/>
</fontscolors>
