<?xml version="1.0" encoding="UTF-8"?>
<!DOCTYPE fontscolors PUBLIC "-//NetBeans//DTD Editor Fonts and Colors settings 1.1//EN" "http://www.netbeans.org/dtds/EditorFontsColors-1_1.dtd">
<fontscolors>
    <fontcolor bgColor="ffeceba3" name="mark-occurrences"/>
    <fontcolor foreColor="gray" name="identifier"/>
    <fontcolor default="field" foreColor="gray" name="markup-attribute"/>
    <fontcolor default="identifier" foreColor="white" name="method"/>
    <fontcolor foreColor="gray" name="string"/>
    <fontcolor default="keyword" foreColor="blue" name="markup-element"/>
    <fontcolor default="string" foreColor="gray" name="markup-attribute-value"/>
    <fontcolor name="error" underline="ffff3333"/>
    <fontcolor foreColor="white" name="separator"/>
    <fontcolor default="default" foreColor="gray" name="entity-reference"/>
    <fontcolor foreColor="gray" name="url" underline="blue"/>
    <fontcolor foreColor="gray" name="operator"/>
    <fontcolor foreColor="blue" name="number"/>
    <fontcolor bgColor="c8000000" foreColor="lightGray" name="default">
        <font name="Tahoma" size="12"/>
    </fontcolor>
    <fontcolor default="identifier" name="field"/>
    <fontcolor foreColor="gray" name="char"/>
    <fontcolor name="warning" waveUnderlined="yellow"/>
    <fontcolor foreColor="ff406752" name="comment"/>
    <fontcolor foreColor="df40369a" name="keyword"/>
    <fontcolor name="whitespace"/>
</fontscolors>
