<?xml version="1.0" encoding="UTF-8"?>
<!DOCTYPE fontscolors PUBLIC "-//NetBeans//DTD Editor Fonts and Colors settings 1.1//EN" "http://www.netbeans.org/dtds/EditorFontsColors-1_1.dtd">
<fontscolors>
    <fontcolor default="number" foreColor="ffb20000" name="number"/>
    <fontcolor default="string" name="tagparam"/>
    <fontcolor default="string" name="flag"/>
    <fontcolor default="string" foreColor="ffee7700" name="string"/>
    <fontcolor default="default" name="directiveparam"/>
    <fontcolor default="variable" name="variable"/>
    <fontcolor default="comment" name="comment"/>
    <fontcolor default="markup-element" name="tag"/>
    <fontcolor default="error" name="error"/>
    <fontcolor default="whitespace" name="whitespace"/>
    <fontcolor default="keyword" name="directive"/>
</fontscolors>
