<?xml version="1.0" encoding="UTF-8"?>
<!DOCTYPE fontscolors PUBLIC "-//NetBeans//DTD Editor Fonts and Colors settings 1.1//EN" "http://www.netbeans.org/dtds/EditorFontsColors-1_1.dtd">
<fontscolors>
    <fontcolor foreColor="ff66ffff" name="identifier"/>
    <fontcolor foreColor="ff6666ff" name="number"/>
    <fontcolor bgColor="ff272822" foreColor="white" name="default">
        <font name="Consolas" size="16"/>
    </fontcolor>
    <fontcolor foreColor="ffffff99" name="string"/>
    <fontcolor default="identifier" foreColor="ff66ff66" name="method"/>
    <fontcolor default="keyword" foreColor="white" name="markup-element"/>
    <fontcolor foreColor="ffffff66" name="char"/>
    <fontcolor foreColor="ffff3366" name="keyword"/>
    <fontcolor foreColor="white" name="separator"/>
    <fontcolor foreColor="ffff6699" name="operator"/>
</fontscolors>
