<?xml version="1.0" encoding="UTF-8"?>
<!DOCTYPE fontscolors PUBLIC "-//NetBeans//DTD Editor Fonts and Colors settings 1.1//EN" "http://www.netbeans.org/dtds/EditorFontsColors-1_1.dtd">
<fontscolors>
    <fontcolor default="comment" foreColor="gray" name="block-comment"/>
    <fontcolor default="identifier" foreColor="lightGray" name="argument"/>
    <fontcolor name="mod-class" waveUnderlined="red"/>
    <fontcolor name="mod-method">
        <font style="bold"/>
    </fontcolor>
    <fontcolor default="default" foreColor="lightGray" name="el-delimiter">
        <font style="bold"/>
    </fontcolor>
    <fontcolor bgColor="red" default="error" foreColor="white" name="error"/>
    <fontcolor default="default" name="javascript-embedded"/>
    <fontcolor default="operator" foreColor="gray" name="operator"/>
    <fontcolor default="char" foreColor="lightGray" name="character"/>
    <fontcolor default="comment" foreColor="gray" name="sgml-comment"/>
    <fontcolor default="default" foreColor="gray" name="sgml-declaration"/>
    <fontcolor default="default" foreColor="lightGray" name="el-content"/>
    <fontcolor default="default" name="xml-pi"/>
    <fontcolor default="default" foreColor="magenta" name="tag"/>
    <fontcolor bgColor="d1000000" default="default" foreColor="lightGray" name="text"/>
    <fontcolor default="whitespace" name="ws"/>
    <fontcolor default="markup-attribute" name="mod-constructor">
        <font style="bold"/>
    </fontcolor>
    <fontcolor default="default" foreColor="cyan" name="value"/>
    <fontcolor default="default" name="css-embedded"/>
</fontscolors>
