<?xml version="1.0" encoding="UTF-8"?>
<!DOCTYPE fontscolors PUBLIC "-//NetBeans//DTD Editor Fonts and Colors settings 1.1//EN" "http://www.netbeans.org/dtds/EditorFontsColors-1_1.dtd">
<fontscolors>
    <fontcolor bgColor="ffeceba3" name="mark-occurrences"/>
    <fontcolor default="field" name="markup-attribute"/>
    <fontcolor bgColor="ff4890d0" default="default" foreColor="white" name="nbeditor-bracesMatching-match"/>
    <fontcolor default="default" foreColor="ffbdd7f2" name="string"/>
    <fontcolor default="default" foreColor="ff414141" name="text-limit-line-color"/>
    <fontcolor bgColor="ff751818" default="default" foreColor="white" name="nbeditor-bracesMatching-mismatch"/>
    <fontcolor bgColor="ff222220" default="default" name="highlight-caret-row"/>
    <fontcolor default="default" name="error" waveUnderlined="ffd01111"/>
    <fontcolor default="default" foreColor="black" name="entity-reference">
        <font style="bold"/>
    </fontcolor>
    <fontcolor default="default" foreColor="white" name="operator"/>
    <fontcolor default="default" foreColor="ff666666" name="number"/>
    <fontcolor bgColor="ff191717" default="default" foreColor="white" name="default">
        <font name="Consolas" size="12" style="plain"/>
    </fontcolor>
    <fontcolor default="default" name="warning" waveUnderlined="ff45342c"/>
    <fontcolor default="default" foreColor="ffec691e" name="keyword">
        <font name="Tahoma"/>
    </fontcolor>
    <fontcolor bgColor="ff751818" default="default" foreColor="white" name="nbeditor-bracesMatching-mismatch-multichar"/>
    <fontcolor default="default" name="identifier"/>
    <fontcolor default="identifier" foreColor="fff7c527" name="method"/>
    <fontcolor default="keyword" name="markup-element"/>
    <fontcolor default="string" name="markup-attribute-value"/>
    <fontcolor bgColor="red" default="default" foreColor="ff191919" name="highlight-search"/>
    <fontcolor default="default" foreColor="white" name="separator"/>
    <fontcolor default="default" foreColor="ffbdd7f2" name="url" underline="ffbdd7f2">
        <font name="Courier New" size="13" style="bold"/>
    </fontcolor>
    <fontcolor bgColor="ff282828" default="default" foreColor="ffbdd7f2" name="block-search"/>
    <fontcolor bgColor="ff505050" default="default" foreColor="white" name="selection"/>
    <fontcolor default="identifier" foreColor="ffecd795" name="field"/>
    <fontcolor default="default" foreColor="ff477488" name="char"/>
    <fontcolor default="default" foreColor="ff95a78c" name="comment"/>
    <fontcolor bgColor="ff4890d0" default="default" foreColor="white" name="nbeditor-bracesMatching-match-multichar"/>
    <fontcolor foreColor="black" name="whitespace"/>
</fontscolors>
