<?xml version="1.0" encoding="UTF-8"?>
<!DOCTYPE fontscolors PUBLIC "-//NetBeans//DTD Editor Fonts and Colors settings 1.1//EN" "http://www.netbeans.org/dtds/EditorFontsColors-1_1.dtd">
<fontscolors>
    <fontcolor default="identifier" foreColor="lightGray" name="identifier">
        <font name="Tahoma" style="plain"/>
    </fontcolor>
    <fontcolor default="field" foreColor="lightGray" name="mod-field"/>
    <fontcolor default="string" name="string">
        <font name="Tahoma" style="plain"/>
    </fontcolor>
    <fontcolor default="method" foreColor="lightGray" name="mod-method"/>
    <fontcolor default="separator" foreColor="lightGray" name="separator"/>
    <fontcolor default="operator" foreColor="lightGray" name="operator"/>
    <fontcolor default="number" foreColor="ffe6e283" name="number"/>
    <fontcolor default="separator" foreColor="ff8f38ce" name="phpopenclose"/>
    <fontcolor foreColor="lightGray" name="mod-static">
        <font name="Tahoma" style="plain"/>
    </fontcolor>
    <fontcolor default="method" foreColor="lightGray" name="mod-custom1">
        <font name="Tahoma" style="plain"/>
    </fontcolor>
    <fontcolor foreColor="ffc09a9a" name="variable"/>
    <fontcolor default="comment" foreColor="ff535353" name="comment"/>
    <fontcolor default="comment" name="phpdockeyword"/>
    <fontcolor default="keyword" name="keyword">
        <font name="Tahoma" style="plain"/>
    </fontcolor>
</fontscolors>
