<?xml version="1.0" encoding="UTF-8"?>
<!DOCTYPE fontscolors PUBLIC "-//NetBeans//DTD Editor Fonts and Colors settings 1.1//EN" "http://www.netbeans.org/dtds/EditorFontsColors-1_1.dtd">
<fontscolors>
    <fontcolor default="identifier" name="identifier"/>
    <fontcolor default="method" foreColor="ff6de643" name="mod-method"/>
    <fontcolor default="separator" foreColor="gray" name="separator"/>
    <fontcolor default="operator" foreColor="ffc37305" name="operator"/>
    <fontcolor default="number" foreColor="ffe6e283" name="number"/>
    <fontcolor default="separator" foreColor="ffcc7832" name="phpopenclose"/>
    <fontcolor foreColor="ffb87cef" name="mod-static">
        <font style="italic"/>
    </fontcolor>
    <fontcolor default="method" foreColor="ff5fc6d2" name="mod-custom1"/>
    <fontcolor foreColor="ffdedede" name="variable"/>
    <fontcolor default="comment" foreColor="ff696969" name="comment"/>
    <fontcolor default="comment" name="phpdockeyword"/>
    <fontcolor default="keyword" foreColor="fff02c65" name="keyword">
        <font style="plain"/>
    </fontcolor>
    <fontcolor default="comment" name="commentline"/>
</fontscolors>
