<?xml version="1.0" encoding="UTF-8"?>
<!DOCTYPE fontscolors PUBLIC "-//NetBeans//DTD Editor Fonts and Colors settings 1.1//EN" "http://www.netbeans.org/dtds/EditorFontsColors-1_1.dtd">
<fontscolors>
    <fontcolor default="entity-reference" foreColor="ff6d9cbe" name="character"/>
    <fontcolor default="markup-element" foreColor="ffcfb03f" name="tag">
        <font style="plain"/>
    </fontcolor>
    <fontcolor default="markup-attribute-value" foreColor="ff55c04e" name="value"/>
    <fontcolor default="default" name="css-embedded">
        <font name="Tahoma"/>
    </fontcolor>
</fontscolors>
