<?xml version="1.0" encoding="UTF-8"?>
<!DOCTYPE codetemplates PUBLIC "-//NetBeans//DTD Editor Code Templates settings 1.0//EN" "http://www.netbeans.org/dtds/EditorCodeTemplates-1_0.dtd">
<codetemplates>
    <codetemplate abbreviation="method" xml:space="preserve">
        <code><![CDATA[    /**
     * @param
     * @return
     */
    public function indexAction()
    {
        
    }]]></code>
    </codetemplate>
    <codetemplate abbreviation="action" xml:space="preserve">
        <code><![CDATA[    /**
     * @param
     * @return
     */
    public function indexAction()
    {
        
    }]]></code>
    </codetemplate>
    <codetemplate abbreviation="cls" contexts="php-code" uuid="org.netbeans.modules.php.editor.codetemplate.cls" xml:space="preserve">
        <code><![CDATA[
class ClassName
{
    /**
     * @var
     */
    public $var;
    
    /**
     * @param
     */
    public function __construct()
    {  
    }

    /**
     * @param
     * @return
     */
    public function testAction()
    {
    }

}]]></code>
    </codetemplate>
    <codetemplate abbreviation="class" xml:space="preserve">
        <code><![CDATA[/**
 *
 */
class ClassName
{
    /**
     * @var
     */
    public $var;
    
    /**
     * @param
     */
    public function __construct()
    {  
    }

    /**
     * @param
     * @return
     */
    public function testAction()
    {
    }

}]]></code>
    </codetemplate>
    <codetemplate abbreviation="SELECT" xml:space="preserve"/>
</codetemplates>
